"","guid","name","title","description","access_type","created_time","last_deployed_time","bundle_id","app_mode","content_category","parameterized","r_version","run_as_current_user","owner_guid","content_url","dashboard_url","app_role","id","connection_timeout","read_timeout","init_timeout","idle_timeout","max_processes","min_processes","max_conns_per_process","load_factor","py_version","server"
"1","c8286d8b-ce9b-417c-b309-ded237d5d630","spotcap_transaction_performace","Spotcap Transaction Performace","","acl","2021-03-18T20:47:38Z","2021-07-14T12:35:38Z","1547","api","api",FALSE,"3.6.0",FALSE,"25731b88-d2f7-4dee-8a52-b9cb40c069bf","https://r-studio-connect-staging.spotcap.com/content/c8286d8b-ce9b-417c-b309-ded237d5d630/","https://r-studio-connect-staging.spotcap.com/connect/#/apps/c8286d8b-ce9b-417c-b309-ded237d5d630","owner","258",NA,NA,NA,NA,NA,NA,NA,NA,NA,"staging"
"2","02446c36-9260-4a63-9784-de300154069d","spotcap_light_performance_redeployed2","Spotcap Light Performance","","acl","2019-07-15T08:33:07Z","2021-06-15T09:23:38Z","1555","api","api",FALSE,"3.6.0",FALSE,"4e5f75c7-8ca5-485e-9c59-1047d1d3dee4","https://r-studio-connect-staging.spotcap.com/content/02446c36-9260-4a63-9784-de300154069d/","https://r-studio-connect-staging.spotcap.com/connect/#/apps/02446c36-9260-4a63-9784-de300154069d","owner","208",3600,3600,60,5,2,1,5,0.3,NA,"staging"
"3","4cd923dc-0f57-4edc-8620-5852a4522ce2","spotcap_edb_stats","Spotcap EDB Stats","","acl","2019-06-03T07:20:13Z","2021-06-14T12:39:51Z","1551","api","api",FALSE,"3.6.0",FALSE,"4e5f75c7-8ca5-485e-9c59-1047d1d3dee4","https://r-studio-connect-staging.spotcap.com/content/4cd923dc-0f57-4edc-8620-5852a4522ce2/","https://r-studio-connect-staging.spotcap.com/connect/#/apps/4cd923dc-0f57-4edc-8620-5852a4522ce2","owner","181",3600,3600,60,5,2,1,5,0.3,NA,"staging"
"4","d07aac7e-7581-4ebd-81e1-f320e7f28183","spotcap_standard_performance","Spotcap Standard Performance","","acl","2021-01-25T10:15:27Z","2021-02-16T13:41:56Z","1505","api","api",FALSE,"3.6.0",FALSE,"71a7e27c-26f5-47ae-9483-3ee4bf57a299","https://r-studio-connect-staging.spotcap.com/content/d07aac7e-7581-4ebd-81e1-f320e7f28183/","https://r-studio-connect-staging.spotcap.com/connect/#/apps/d07aac7e-7581-4ebd-81e1-f320e7f28183","owner","257",NA,NA,NA,NA,NA,NA,NA,NA,NA,"staging"
"5","2b910c77-fa76-49f6-8a36-904296307d8c","spotcap_cluster_description_stats","Spotcap Cluster Description Stats","","acl","2020-06-15T09:40:33Z","2021-02-04T13:36:31Z","1503","api","api",FALSE,"3.6.0",FALSE,"71a7e27c-26f5-47ae-9483-3ee4bf57a299","https://r-studio-connect-staging.spotcap.com/content/2b910c77-fa76-49f6-8a36-904296307d8c/","https://r-studio-connect-staging.spotcap.com/connect/#/apps/2b910c77-fa76-49f6-8a36-904296307d8c","owner","242",NA,NA,NA,NA,NA,NA,NA,NA,NA,"staging"
"6","8e92e737-8038-4d83-9caa-bcf93cec7caa","spotcap-bankaccount-performance","Spotcap Bankaccount Performance","","acl","2019-11-07T14:09:24Z","2021-02-04T13:03:05Z","1502","api","api",FALSE,"3.6.0",FALSE,"71a7e27c-26f5-47ae-9483-3ee4bf57a299","https://r-studio-connect-staging.spotcap.com/content/8e92e737-8038-4d83-9caa-bcf93cec7caa/","https://r-studio-connect-staging.spotcap.com/connect/#/apps/8e92e737-8038-4d83-9caa-bcf93cec7caa","owner","223",3600,3600,60,120,3,1,50,0.2,NA,"staging"
"7","a3f736af-f8d3-49e4-8eb4-6391ee072063","spotcap_cluster_description","Spotcap Cluster Description","","acl","2020-06-10T11:16:33Z","2021-02-04T08:27:14Z","1497","api","api",FALSE,"3.6.0",FALSE,"25731b88-d2f7-4dee-8a52-b9cb40c069bf","https://r-studio-connect-staging.spotcap.com/content/a3f736af-f8d3-49e4-8eb4-6391ee072063/","https://r-studio-connect-staging.spotcap.com/connect/#/apps/a3f736af-f8d3-49e4-8eb4-6391ee072063","owner","240",NA,NA,NA,NA,NA,NA,NA,NA,NA,"staging"
"8","de913a9e-beb6-45ae-a947-7973536d8f21","bank_account_stats","Bank Account Stats","","acl","2020-10-12T07:02:30Z","2020-12-10T16:19:49Z","1495","api","api",FALSE,"3.6.0",FALSE,"25731b88-d2f7-4dee-8a52-b9cb40c069bf","https://r-studio-connect-staging.spotcap.com/content/de913a9e-beb6-45ae-a947-7973536d8f21/","https://r-studio-connect-staging.spotcap.com/connect/#/apps/de913a9e-beb6-45ae-a947-7973536d8f21","owner","256",NA,NA,NA,NA,NA,NA,NA,NA,NA,"staging"
"9","4e75ee9f-2041-4595-a641-f0e19b52515f","spotcap-bankaccount-performace_tests_on_other_side","Spotcap-Bankaccount-Performace (tests on other side)","","acl","2020-09-07T10:13:52Z","2020-10-22T13:35:41Z","1469","api","api",FALSE,"3.6.0",FALSE,"25731b88-d2f7-4dee-8a52-b9cb40c069bf","https://r-studio-connect-staging.spotcap.com/content/4e75ee9f-2041-4595-a641-f0e19b52515f/","https://r-studio-connect-staging.spotcap.com/connect/#/apps/4e75ee9f-2041-4595-a641-f0e19b52515f","owner","254",NA,NA,NA,NA,NA,NA,NA,NA,NA,"staging"
"10","e867ea1e-16f2-46b3-af34-11a10ea6be7b","etl_-_ba_clustering_stats","ETL - Ba Clustering Stats","","acl","2020-10-08T10:25:41Z","2020-10-08T13:04:54Z","1454","rmd-static","",TRUE,"3.6.0",FALSE,"71a7e27c-26f5-47ae-9483-3ee4bf57a299","https://r-studio-connect-staging.spotcap.com/content/e867ea1e-16f2-46b3-af34-11a10ea6be7b/","https://r-studio-connect-staging.spotcap.com/connect/#/apps/e867ea1e-16f2-46b3-af34-11a10ea6be7b","owner","255",NA,NA,NA,NA,NA,NA,NA,NA,NA,"staging"
"11","a13f4ea9-b30d-4ca4-95ca-6f61241d1549","etl_-_ba_transactions_categorization_stats","ETL - Ba Transactions Categorization Stats","","acl","2019-07-31T09:27:57Z","2020-08-17T08:31:09Z","1379","rmd-static","",TRUE,"3.6.0",FALSE,"71a7e27c-26f5-47ae-9483-3ee4bf57a299","https://r-studio-connect-staging.spotcap.com/content/a13f4ea9-b30d-4ca4-95ca-6f61241d1549/","https://r-studio-connect-staging.spotcap.com/connect/#/apps/a13f4ea9-b30d-4ca4-95ca-6f61241d1549","owner","214",NA,NA,NA,NA,NA,NA,NA,NA,NA,"staging"
"12","1a0eabd0-dc41-4f2a-9f0d-42dd2b5645b8","etl_clustering_stats2","ETL - BA Transactions Clustering Stats","","acl","2019-07-10T09:42:42Z","2020-08-14T12:22:48Z","1378","rmd-static","",TRUE,"3.6.0",FALSE,"24c836d6-a199-4682-843b-bf70821528cb","https://r-studio-connect-staging.spotcap.com/content/1a0eabd0-dc41-4f2a-9f0d-42dd2b5645b8/","https://r-studio-connect-staging.spotcap.com/connect/#/apps/1a0eabd0-dc41-4f2a-9f0d-42dd2b5645b8","owner","204",NA,NA,NA,NA,NA,NA,NA,NA,NA,"staging"
"13","b57514a8-4b23-438b-9bc2-88b47da83156","etl_-_ba_categorization_calls","ETL - Ba Transactions Categorization","","acl","2019-06-27T06:05:42Z","2020-08-14T12:01:17Z","1376","rmd-static","",TRUE,"3.6.0",FALSE,"71a7e27c-26f5-47ae-9483-3ee4bf57a299","https://r-studio-connect-staging.spotcap.com/content/b57514a8-4b23-438b-9bc2-88b47da83156/","https://r-studio-connect-staging.spotcap.com/connect/#/apps/b57514a8-4b23-438b-9bc2-88b47da83156","owner","195",NA,NA,NA,NA,NA,NA,NA,NA,NA,"staging"
"14","bf596934-f52d-4bbe-bf1d-f30d23b348a4","appbankinsights_etl","ETL App - Bank Insights","","acl","2019-06-06T08:29:44Z","2020-08-14T11:41:58Z","1375","rmd-static","",FALSE,"3.6.0",FALSE,"24c836d6-a199-4682-843b-bf70821528cb","https://r-studio-connect-staging.spotcap.com/content/bf596934-f52d-4bbe-bf1d-f30d23b348a4/","https://r-studio-connect-staging.spotcap.com/connect/#/apps/bf596934-f52d-4bbe-bf1d-f30d23b348a4","owner","184",NA,NA,NA,NA,NA,NA,NA,NA,NA,"staging"
"15","5240627c-8c29-4167-b729-c1efaa3a674e","etl_app_-approval_probability","ETL App - Approval Probability","","acl","2019-06-07T12:24:51Z","2020-08-14T11:25:32Z","1373","rmd-static","",FALSE,"3.6.0",FALSE,"71a7e27c-26f5-47ae-9483-3ee4bf57a299","https://r-studio-connect-staging.spotcap.com/content/5240627c-8c29-4167-b729-c1efaa3a674e/","https://r-studio-connect-staging.spotcap.com/connect/#/apps/5240627c-8c29-4167-b729-c1efaa3a674e","owner","188",NA,NA,NA,NA,NA,NA,NA,NA,NA,"staging"
"16","57086658-8659-4580-8a5d-c783085ea6b3","etl_app_-_edb_stats","ETL - BA EDB Stats","","acl","2019-06-06T11:12:37Z","2020-08-14T11:11:38Z","1372","rmd-static","",TRUE,"3.6.0",FALSE,"4e5f75c7-8ca5-485e-9c59-1047d1d3dee4","https://r-studio-connect-staging.spotcap.com/content/57086658-8659-4580-8a5d-c783085ea6b3/","https://r-studio-connect-staging.spotcap.com/connect/#/apps/57086658-8659-4580-8a5d-c783085ea6b3","owner","187",NA,NA,NA,NA,NA,NA,NA,NA,NA,"staging"
"17","cd75b663-7692-4876-8765-a277e22693d1","etl_-_ba_basic_stats_calls2","ETL - Ba Basic Stats Calls","","acl","2019-07-26T10:04:46Z","2020-08-14T10:34:27Z","1371","rmd-static","",TRUE,"3.6.0",FALSE,"4e5f75c7-8ca5-485e-9c59-1047d1d3dee4","https://r-studio-connect-staging.spotcap.com/content/cd75b663-7692-4876-8765-a277e22693d1/","https://r-studio-connect-staging.spotcap.com/connect/#/apps/cd75b663-7692-4876-8765-a277e22693d1","owner","211",NA,NA,NA,NA,NA,NA,NA,NA,NA,"staging"
"18","7deca560-69db-447f-ad1a-6fed4421944a","etl_-_ba_transaction_calls_redeployed","ETL - Ba Transaction Calls","","acl","2019-06-25T13:36:49Z","2020-08-14T10:23:45Z","1370","rmd-static","",TRUE,"3.6.0",FALSE,"4e5f75c7-8ca5-485e-9c59-1047d1d3dee4","https://r-studio-connect-staging.spotcap.com/content/7deca560-69db-447f-ad1a-6fed4421944a/","https://r-studio-connect-staging.spotcap.com/connect/#/apps/7deca560-69db-447f-ad1a-6fed4421944a","owner","194",NA,NA,NA,NA,NA,NA,NA,NA,NA,"staging"
"19","47fb5b29-c86a-45c8-a632-bb58ba7dc0ca","etl_ba_edb_calls_new","ETL Ba Edb Calls (new)","","acl","2020-06-24T14:19:16Z","2020-08-13T13:36:50Z","1369","rmd-static","",TRUE,"3.6.0",FALSE,"71a7e27c-26f5-47ae-9483-3ee4bf57a299","https://r-studio-connect-staging.spotcap.com/content/47fb5b29-c86a-45c8-a632-bb58ba7dc0ca/","https://r-studio-connect-staging.spotcap.com/connect/#/apps/47fb5b29-c86a-45c8-a632-bb58ba7dc0ca","owner","245",NA,NA,NA,NA,NA,NA,NA,NA,NA,"staging"
"20","710a10bc-1d59-4ee6-8840-717ecee93c0e","ba_covid_stats","Bank Account COVID stats","","acl","2020-07-01T11:32:47Z","2020-08-06T08:58:29Z","1368","api","api",FALSE,"3.6.0",FALSE,"25731b88-d2f7-4dee-8a52-b9cb40c069bf","https://r-studio-connect-staging.spotcap.com/content/710a10bc-1d59-4ee6-8840-717ecee93c0e/","https://r-studio-connect-staging.spotcap.com/connect/#/apps/710a10bc-1d59-4ee6-8840-717ecee93c0e","owner","247",NA,NA,NA,NA,NA,NA,NA,NA,NA,"staging"
"21","6e90b3fb-d216-4a5a-9858-b4b287b1a336","etl_edb_stats_windowed","ETL EDB Stats Windowed","","acl","2020-06-25T09:04:47Z","2020-06-25T09:04:57Z","1361","rmd-static","",TRUE,"3.6.0",FALSE,"71a7e27c-26f5-47ae-9483-3ee4bf57a299","https://r-studio-connect-staging.spotcap.com/content/6e90b3fb-d216-4a5a-9858-b4b287b1a336/","https://r-studio-connect-staging.spotcap.com/connect/#/apps/6e90b3fb-d216-4a5a-9858-b4b287b1a336","owner","246",NA,NA,NA,NA,NA,NA,NA,NA,NA,"staging"
"22","3cc2d8c0-7e92-43ef-8819-13d9c34382c8","spotcap_cluster_stats","Spotcap Cluster Stats","","acl","2020-06-15T09:34:10Z","2020-06-15T09:39:03Z",NA,"unknown","",FALSE,NA,FALSE,"71a7e27c-26f5-47ae-9483-3ee4bf57a299","https://r-studio-connect-staging.spotcap.com/content/3cc2d8c0-7e92-43ef-8819-13d9c34382c8/","https://r-studio-connect-staging.spotcap.com/connect/#/apps/3cc2d8c0-7e92-43ef-8819-13d9c34382c8","owner","241",NA,NA,NA,NA,NA,NA,NA,NA,NA,"staging"
"23","8d284c78-d0d9-4f2f-bd71-8f79daf3073e","cluster_description","Cluster Description","","acl","2020-06-04T13:40:21Z","2020-06-04T13:40:32Z",NA,"unknown","",FALSE,NA,FALSE,"25731b88-d2f7-4dee-8a52-b9cb40c069bf","https://r-studio-connect-staging.spotcap.com/content/8d284c78-d0d9-4f2f-bd71-8f79daf3073e/","https://r-studio-connect-staging.spotcap.com/connect/#/apps/8d284c78-d0d9-4f2f-bd71-8f79daf3073e","owner","232",NA,NA,NA,NA,NA,NA,NA,NA,NA,"staging"
"24","ccbc5302-ed6a-428e-b1a8-2e74302deb9a","stock-api-python1","stock-api-python","","acl","2020-05-26T13:41:47Z","2020-05-26T14:01:44Z","1332","python-api","",FALSE,NA,FALSE,"71a7e27c-26f5-47ae-9483-3ee4bf57a299","https://r-studio-connect-staging.spotcap.com/content/ccbc5302-ed6a-428e-b1a8-2e74302deb9a/","https://r-studio-connect-staging.spotcap.com/connect/#/apps/ccbc5302-ed6a-428e-b1a8-2e74302deb9a","owner","231",NA,NA,NA,NA,NA,NA,NA,NA,NA,"staging"
"25","20f5e15a-f1cb-4174-9ae9-c097ebddb7d8","rsconnect-python","rsconnect-python","","acl","2020-05-26T13:40:39Z","2020-05-26T13:40:40Z",NA,"unknown","",FALSE,NA,FALSE,"71a7e27c-26f5-47ae-9483-3ee4bf57a299","https://r-studio-connect-staging.spotcap.com/content/20f5e15a-f1cb-4174-9ae9-c097ebddb7d8/","https://r-studio-connect-staging.spotcap.com/connect/#/apps/20f5e15a-f1cb-4174-9ae9-c097ebddb7d8","owner","230",NA,NA,NA,NA,NA,NA,NA,NA,NA,"staging"
"26","e9ecbcf4-5f34-4dbe-9f2f-d4dac373ec00","stock-api-python","stock-api-python","","acl","2020-05-26T08:07:22Z","2020-05-26T13:11:01Z",NA,"unknown","",FALSE,NA,FALSE,"71a7e27c-26f5-47ae-9483-3ee4bf57a299","https://r-studio-connect-staging.spotcap.com/content/e9ecbcf4-5f34-4dbe-9f2f-d4dac373ec00/","https://r-studio-connect-staging.spotcap.com/connect/#/apps/e9ecbcf4-5f34-4dbe-9f2f-d4dac373ec00","owner","229",NA,NA,NA,NA,NA,NA,NA,NA,NA,"staging"
"27","7c13bfb0-d45d-4e1e-8ac8-a78762b42793","bawag_light_performance_rsc","Bawag Light Performance RSC","","acl","2020-03-24T14:21:23Z","2020-03-24T15:44:59Z","1306","api","api",FALSE,"3.6.0",FALSE,"71a7e27c-26f5-47ae-9483-3ee4bf57a299","https://r-studio-connect-staging.spotcap.com/content/7c13bfb0-d45d-4e1e-8ac8-a78762b42793/","https://r-studio-connect-staging.spotcap.com/connect/#/apps/7c13bfb0-d45d-4e1e-8ac8-a78762b42793","owner","225",NA,NA,NA,NA,NA,NA,NA,NA,NA,"staging"
"28","9bf4c2de-43a1-4c44-9969-f036a2d814b5","cembra_zek_prediction","CEMBRA ZEK Prediction","","acl","2019-07-31T08:33:33Z","2019-11-25T11:41:10Z","1286","api","api",FALSE,"3.6.0",FALSE,"24c836d6-a199-4682-843b-bf70821528cb","https://r-studio-connect-staging.spotcap.com/content/9bf4c2de-43a1-4c44-9969-f036a2d814b5/","https://r-studio-connect-staging.spotcap.com/connect/#/apps/9bf4c2de-43a1-4c44-9969-f036a2d814b5","owner","213",3600,3600,60,5,4,0,20,0.5,NA,"staging"
"29","97e38c5f-2e19-4096-8f2f-d5bde6f0f2f0","test-plot","Test-Plot","","acl","2019-11-12T09:57:15Z","2019-11-12T15:36:56Z","1279","api","api",FALSE,"3.6.0",FALSE,"71a7e27c-26f5-47ae-9483-3ee4bf57a299","https://r-studio-connect-staging.spotcap.com/content/97e38c5f-2e19-4096-8f2f-d5bde6f0f2f0/","https://r-studio-connect-staging.spotcap.com/connect/#/apps/97e38c5f-2e19-4096-8f2f-d5bde6f0f2f0","owner","224",NA,NA,NA,NA,NA,NA,NA,NA,NA,"staging"
"30","b120d06d-9d16-4e31-a88a-f1d5e1913cc9","bawag_edb_stats","Bawag EDB Stats","","acl","2019-09-06T10:39:25Z","2019-09-06T12:44:49Z","1222","api","api",FALSE,"3.6.0",FALSE,"24c836d6-a199-4682-843b-bf70821528cb","https://r-studio-connect-staging.spotcap.com/content/b120d06d-9d16-4e31-a88a-f1d5e1913cc9/","https://r-studio-connect-staging.spotcap.com/connect/#/apps/b120d06d-9d16-4e31-a88a-f1d5e1913cc9","owner","220",NA,NA,NA,NA,NA,NA,NA,NA,NA,"staging"
"31","770b7d0b-1de9-4c20-8893-2f50c15e20f5","optimum","Optimum","","acl","2019-04-01T11:41:33Z","2019-09-05T10:11:41Z","1220","shiny","",FALSE,"3.6.0",FALSE,"4e5f75c7-8ca5-485e-9c59-1047d1d3dee4","https://r-studio-connect-staging.spotcap.com/content/770b7d0b-1de9-4c20-8893-2f50c15e20f5/","https://r-studio-connect-staging.spotcap.com/connect/#/apps/770b7d0b-1de9-4c20-8893-2f50c15e20f5","owner","146",3600,3600,60,5,2,1,5,0.1,NA,"staging"
"32","064deb18-0594-4e6f-b9ba-20fdd952d939","plumberlogging_-_dashboard","PlumberLogging - Dashboard","","acl","2019-08-02T07:29:08Z","2019-08-16T14:53:43Z","1218","shiny","",FALSE,"3.6.0",FALSE,"71a7e27c-26f5-47ae-9483-3ee4bf57a299","https://r-studio-connect-staging.spotcap.com/content/064deb18-0594-4e6f-b9ba-20fdd952d939/","https://r-studio-connect-staging.spotcap.com/connect/#/apps/064deb18-0594-4e6f-b9ba-20fdd952d939","owner","217",NA,NA,NA,NA,NA,NA,NA,NA,"3.6.8","staging"
"33","56a17d2a-e32a-44a9-8297-4ee50986ece9","eda_bastatsbasic","EDA BaStatsBasic","","acl","2019-08-16T10:22:13Z","2019-08-16T10:24:29Z","1216","rmd-static","",FALSE,"3.6.0",FALSE,"71a7e27c-26f5-47ae-9483-3ee4bf57a299","https://r-studio-connect-staging.spotcap.com/content/56a17d2a-e32a-44a9-8297-4ee50986ece9/","https://r-studio-connect-staging.spotcap.com/connect/#/apps/56a17d2a-e32a-44a9-8297-4ee50986ece9","owner","219",NA,NA,NA,NA,NA,NA,NA,NA,"3.6.8","staging"
"34","1469b0e1-d309-435a-bfd8-ae326c1a3850","spotcap_approval_probability","Spotcap Approval Probability","","acl","2019-05-22T12:32:03Z","2019-08-14T08:19:53Z","1215","api","api",FALSE,"3.6.0",FALSE,"4e5f75c7-8ca5-485e-9c59-1047d1d3dee4","https://r-studio-connect-staging.spotcap.com/content/1469b0e1-d309-435a-bfd8-ae326c1a3850/","https://r-studio-connect-staging.spotcap.com/connect/#/apps/1469b0e1-d309-435a-bfd8-ae326c1a3850","owner","180",3600,3600,60,5,2,0,5,0.3,"3.6.8","staging"
"35","1a0deeca-5efa-447e-84e5-8ea40ee42f76","spotcap_standard_performance_new","Spotcap Standard Performance","","acl","2019-07-25T08:53:47Z","2019-08-13T14:04:46Z","1214","api","api",FALSE,"3.6.0",FALSE,"24c836d6-a199-4682-843b-bf70821528cb","https://r-studio-connect-staging.spotcap.com/content/1a0deeca-5efa-447e-84e5-8ea40ee42f76/","https://r-studio-connect-staging.spotcap.com/connect/#/apps/1a0deeca-5efa-447e-84e5-8ea40ee42f76","owner","210",3600,3600,60,5,2,1,5,0.3,NA,"staging"
"36","56c729d7-23f6-4f72-9a59-8d2006d72a8f","spotcap_transactions_clustering","Spotcap Transactions Clustering","","acl","2019-07-12T10:05:46Z","2019-08-12T12:43:25Z","1209","api","api",FALSE,"3.6.0",FALSE,"24c836d6-a199-4682-843b-bf70821528cb","https://r-studio-connect-staging.spotcap.com/content/56c729d7-23f6-4f72-9a59-8d2006d72a8f/","https://r-studio-connect-staging.spotcap.com/connect/#/apps/56c729d7-23f6-4f72-9a59-8d2006d72a8f","owner","207",3600,3600,60,5,3,1,5,0.1,NA,"staging"
"37","d4d49f56-ae2f-43fe-9824-f5dd5e64f53c","plumber_logging","Plumber Logging","","acl","2019-08-01T13:24:38Z","2019-08-09T08:13:01Z","1201","api","api",FALSE,"3.6.0",FALSE,"71a7e27c-26f5-47ae-9483-3ee4bf57a299","https://r-studio-connect-staging.spotcap.com/content/d4d49f56-ae2f-43fe-9824-f5dd5e64f53c/","https://r-studio-connect-staging.spotcap.com/connect/#/apps/d4d49f56-ae2f-43fe-9824-f5dd5e64f53c","owner","215",NA,NA,NA,NA,NA,NA,NA,NA,"3.6.8","staging"
"38","04fd59c9-a5e1-4328-9438-a8e53e9c9602","spotcap_transactions_categorization_redeployed","Spotcap Transactions Categorization","","acl","2019-06-25T08:55:42Z","2019-08-08T10:43:36Z","1196","api","api",FALSE,"3.6.0",FALSE,"4e5f75c7-8ca5-485e-9c59-1047d1d3dee4","https://r-studio-connect-staging.spotcap.com/content/04fd59c9-a5e1-4328-9438-a8e53e9c9602/","https://r-studio-connect-staging.spotcap.com/connect/#/apps/04fd59c9-a5e1-4328-9438-a8e53e9c9602","owner","193",3600,3600,60,5,3,1,5,0.1,"3.6.8","staging"
"39","2b574c6f-68b3-46b6-a22e-842feab56283","spotcap_light_expert_scorecard_wrapper","Spotcap Light Expert Scorecard Wrapper","","acl","2019-07-04T10:12:20Z","2019-08-05T16:11:06Z","1156","api","api",FALSE,"3.6.0",FALSE,"4e5f75c7-8ca5-485e-9c59-1047d1d3dee4","https://r-studio-connect-staging.spotcap.com/content/2b574c6f-68b3-46b6-a22e-842feab56283/","https://r-studio-connect-staging.spotcap.com/connect/#/apps/2b574c6f-68b3-46b6-a22e-842feab56283","owner","199",3600,3600,60,5,2,0,5,0.3,"3.6.8","staging"
"40","5c29fc61-899e-41e8-b0a5-dcde89ec6633","etl_-_ba_edb_calls_redeployed","ETL - Ba EDB Calls","","acl","2019-07-26T12:00:58Z","2019-07-29T15:32:24Z","1110","rmd-static","",TRUE,"3.6.0",FALSE,"4e5f75c7-8ca5-485e-9c59-1047d1d3dee4","https://r-studio-connect-staging.spotcap.com/content/5c29fc61-899e-41e8-b0a5-dcde89ec6633/","https://r-studio-connect-staging.spotcap.com/connect/#/apps/5c29fc61-899e-41e8-b0a5-dcde89ec6633","owner","212",NA,NA,NA,NA,NA,NA,NA,NA,"3.6.8","staging"
"41","20aa3861-1832-4ec8-8969-c74ce39d7607","bawag_light_performance","Bawag Light Performance","","acl","2019-07-17T13:12:03Z","2019-07-22T16:01:32Z","1085","api","api",FALSE,"3.6.0",FALSE,"4e5f75c7-8ca5-485e-9c59-1047d1d3dee4","https://r-studio-connect-staging.spotcap.com/content/20aa3861-1832-4ec8-8969-c74ce39d7607/","https://r-studio-connect-staging.spotcap.com/connect/#/apps/20aa3861-1832-4ec8-8969-c74ce39d7607","owner","209",3600,3600,60,5,2,0,5,0.3,"3.6.8","staging"
"42","38cf4dbf-64ae-452f-ad45-7e43c0ade166","06_categorizationstats","Spotcap Transactions Categorization Stats","","acl","2019-04-15T10:28:12Z","2019-07-18T12:58:58Z","1080","api","api",FALSE,"3.6.0",FALSE,"71a7e27c-26f5-47ae-9483-3ee4bf57a299","https://r-studio-connect-staging.spotcap.com/content/38cf4dbf-64ae-452f-ad45-7e43c0ade166/","https://r-studio-connect-staging.spotcap.com/connect/#/apps/38cf4dbf-64ae-452f-ad45-7e43c0ade166","owner","154",3600,3600,60,5,3,1,5,0.1,NA,"staging"
"43","dfd85399-8e2c-4bf8-ba93-2261f1d45039","post-mortem-googlesheets-db","Post-Mortem-GoogleSheets-DB","","acl","2019-07-04T08:35:29Z","2019-07-09T12:12:58Z","1053","shiny","",FALSE,"3.6.0",FALSE,"71a7e27c-26f5-47ae-9483-3ee4bf57a299","https://r-studio-connect-staging.spotcap.com/content/dfd85399-8e2c-4bf8-ba93-2261f1d45039/","https://r-studio-connect-staging.spotcap.com/connect/#/apps/dfd85399-8e2c-4bf8-ba93-2261f1d45039","owner","198",3600,3600,60,5,2,0,5,0.3,NA,"staging"
"44","05b5e2be-25b7-4da5-82b3-a282d87bfe95","apibanktransactionsclustering","ApiBankTransactionsClustering","","acl","2019-07-08T13:38:52Z","2019-07-08T13:38:52Z",NA,"unknown","",FALSE,NA,FALSE,"24c836d6-a199-4682-843b-bf70821528cb","https://r-studio-connect-staging.spotcap.com/content/05b5e2be-25b7-4da5-82b3-a282d87bfe95/","https://r-studio-connect-staging.spotcap.com/connect/#/apps/05b5e2be-25b7-4da5-82b3-a282d87bfe95","owner","201",NA,NA,NA,NA,NA,NA,NA,NA,NA,"staging"
"45","b6f2f5fe-5cc7-4146-b7d6-7060ab4130c1","spotcap_standard_performance","Spotcap Standard Performance (Old)","","acl","2019-03-06T10:58:01Z","2019-06-24T11:27:25Z","915","api","api",FALSE,"3.6.0",FALSE,"4e5f75c7-8ca5-485e-9c59-1047d1d3dee4","https://r-studio-connect-staging.spotcap.com/content/b6f2f5fe-5cc7-4146-b7d6-7060ab4130c1/","https://r-studio-connect-staging.spotcap.com/connect/#/apps/b6f2f5fe-5cc7-4146-b7d6-7060ab4130c1","owner","126",3600,3600,60,5,2,0,5,0.3,"3.6.8","staging"
"46","01aa3ba8-dbcd-458c-9abd-09fbbe837512","test","Test","","acl","2019-06-20T12:55:43Z","2019-06-20T12:55:57Z",NA,"unknown","",FALSE,NA,FALSE,"4e5f75c7-8ca5-485e-9c59-1047d1d3dee4","https://r-studio-connect-staging.spotcap.com/content/01aa3ba8-dbcd-458c-9abd-09fbbe837512/","https://r-studio-connect-staging.spotcap.com/connect/#/apps/01aa3ba8-dbcd-458c-9abd-09fbbe837512","owner","189",NA,NA,NA,NA,NA,NA,NA,NA,NA,"staging"
"47","52b85099-bcd6-45d5-a202-d73f800f874e","testpackage","TestPackage","","acl","2019-05-20T14:38:48Z","2019-05-20T15:54:06Z","782","api","api",FALSE,"3.6.0",FALSE,"24c836d6-a199-4682-843b-bf70821528cb","https://r-studio-connect-staging.spotcap.com/content/52b85099-bcd6-45d5-a202-d73f800f874e/","https://r-studio-connect-staging.spotcap.com/connect/#/apps/52b85099-bcd6-45d5-a202-d73f800f874e","owner","171",NA,NA,NA,NA,NA,NA,NA,NA,NA,"staging"
"48","ec0bc1ec-59ba-475a-8bc7-e9fd10fcccb4","inst","inst","","acl","2019-05-20T15:06:44Z","2019-05-20T15:06:44Z",NA,"unknown","",FALSE,NA,FALSE,"71a7e27c-26f5-47ae-9483-3ee4bf57a299","https://r-studio-connect-staging.spotcap.com/content/ec0bc1ec-59ba-475a-8bc7-e9fd10fcccb4/","https://r-studio-connect-staging.spotcap.com/connect/#/apps/ec0bc1ec-59ba-475a-8bc7-e9fd10fcccb4","owner","172",NA,NA,NA,NA,NA,NA,NA,NA,NA,"staging"
"49","33045025-7d34-414e-97c7-9cfe5699a728","05_cors_testing","05 CORS_Testing","","acl","2019-05-20T08:34:41Z","2019-05-20T13:19:31Z","775","api","api",FALSE,"3.6.0",FALSE,"24c836d6-a199-4682-843b-bf70821528cb","https://r-studio-connect-staging.spotcap.com/content/33045025-7d34-414e-97c7-9cfe5699a728/","https://r-studio-connect-staging.spotcap.com/connect/#/apps/33045025-7d34-414e-97c7-9cfe5699a728","owner","169",NA,NA,NA,NA,NA,NA,NA,NA,NA,"staging"
"50","911c14b9-37ef-4174-8a06-3af6d5577cfe","spotcap_light_expert_scorecard_wrapper2","Spotcap Light Expert Scorecard Wrapper","","acl","2019-05-17T11:42:12Z","2019-05-17T12:52:59Z",NA,"unknown","",FALSE,NA,FALSE,"4e5f75c7-8ca5-485e-9c59-1047d1d3dee4","https://r-studio-connect-staging.spotcap.com/content/911c14b9-37ef-4174-8a06-3af6d5577cfe/","https://r-studio-connect-staging.spotcap.com/connect/#/apps/911c14b9-37ef-4174-8a06-3af6d5577cfe","owner","168",NA,NA,NA,NA,NA,NA,NA,NA,NA,"staging"
"51","a4297db4-7515-442e-a449-4897b49e5da1","Spotcap_Transactions_Categorization_NL_Test",NA,"","acl","2019-05-03T11:31:12Z","2019-05-03T11:31:12Z",NA,"unknown","",FALSE,NA,FALSE,"4e5f75c7-8ca5-485e-9c59-1047d1d3dee4","https://r-studio-connect-staging.spotcap.com/content/a4297db4-7515-442e-a449-4897b49e5da1/","https://r-studio-connect-staging.spotcap.com/connect/#/apps/a4297db4-7515-442e-a449-4897b49e5da1","owner","161",NA,NA,NA,NA,NA,NA,NA,NA,NA,"staging"
"52","4805b924-080b-4739-b918-bdda46d96213","spotcap_inter_company_transaction","Spotcap Intercompany Transactions","","acl","2019-04-03T14:35:39Z","2019-04-30T07:47:04Z","669","api","api",FALSE,"3.5.2",FALSE,"4e5f75c7-8ca5-485e-9c59-1047d1d3dee4","https://r-studio-connect-staging.spotcap.com/content/4805b924-080b-4739-b918-bdda46d96213/","https://r-studio-connect-staging.spotcap.com/connect/#/apps/4805b924-080b-4739-b918-bdda46d96213","owner","147",NA,NA,NA,NA,NA,NA,NA,NA,"3.6.8","staging"
"53","bc2fd237-ddc6-4a68-ab0d-219786a34765","Spotcap_Transactions_Categorization_NL_Redeployed","Spotcap Transactions Categorization NL","","acl","2019-04-03T14:48:02Z","2019-04-03T14:48:11Z","603","tensorflow-saved-model","",FALSE,NA,FALSE,"4e5f75c7-8ca5-485e-9c59-1047d1d3dee4","https://r-studio-connect-staging.spotcap.com/content/bc2fd237-ddc6-4a68-ab0d-219786a34765/","https://r-studio-connect-staging.spotcap.com/connect/#/apps/bc2fd237-ddc6-4a68-ab0d-219786a34765","owner","149",3600,3600,60,5,2,0,5,0.1,NA,"staging"
"54","d4542f6f-fc8e-470f-a75f-abe42f88a2da","Spotcap_Transactions_Categorization_AU","Spotcap Transactions Categorization AU","","acl","2019-04-03T14:41:02Z","2019-04-03T14:41:13Z","602","tensorflow-saved-model","",FALSE,NA,FALSE,"4e5f75c7-8ca5-485e-9c59-1047d1d3dee4","https://r-studio-connect-staging.spotcap.com/content/d4542f6f-fc8e-470f-a75f-abe42f88a2da/","https://r-studio-connect-staging.spotcap.com/connect/#/apps/d4542f6f-fc8e-470f-a75f-abe42f88a2da","owner","148",3600,3600,60,5,2,0,5,0.1,NA,"staging"
"55","3d304dae-05d1-44a0-af3d-4cfcc4119a6f","plot_bank_account_data","Plot Bank Account Data","","acl","2021-08-31T14:24:29Z","2021-08-31T14:45:59Z","951","api","api",FALSE,"3.6.0",FALSE,"5ec54260-5021-4df5-a60c-c33826b52c93","https://r-studio-connect.spotcap.com/content/3d304dae-05d1-44a0-af3d-4cfcc4119a6f/","https://r-studio-connect.spotcap.com/connect/#/apps/3d304dae-05d1-44a0-af3d-4cfcc4119a6f","owner","224",NA,NA,NA,NA,NA,NA,NA,NA,NA,"production"
"56","863107fb-c559-4a8c-9037-b1365dc02baf","spotcap_bankaccount_performance_by_ilia","Spotcap Bankaccount Performance (by Ilia)","","acl","2021-08-24T12:17:15Z","2021-08-25T14:26:56Z","947","api","api",FALSE,"3.6.0",FALSE,"5ec54260-5021-4df5-a60c-c33826b52c93","https://r-studio-connect.spotcap.com/content/863107fb-c559-4a8c-9037-b1365dc02baf/","https://r-studio-connect.spotcap.com/connect/#/apps/863107fb-c559-4a8c-9037-b1365dc02baf","owner","223",NA,NA,NA,NA,NA,NA,NA,NA,NA,"production"
"57","689efd0a-1c0d-4187-8eb5-3196837f3d2b","spotcap_cluster_description","Spotcap Cluster Description","","acl","2020-11-23T11:13:06Z","2021-08-25T11:43:11Z","942","api","api",FALSE,"3.6.0",FALSE,"71a7e27c-26f5-47ae-9483-3ee4bf57a299","https://r-studio-connect.spotcap.com/content/689efd0a-1c0d-4187-8eb5-3196837f3d2b/","https://r-studio-connect.spotcap.com/connect/#/apps/689efd0a-1c0d-4187-8eb5-3196837f3d2b","owner","207",3600,3600,60,120,3,1,50,0.2,NA,"production"
"58","d5d8274a-2c58-4653-a6b5-185c46ddcf34","spotcap-bankaccount-performance2","Spotcap Bankaccount Performance","","acl","2019-12-16T09:14:01Z","2021-08-25T10:36:56Z","898","api","api",FALSE,"3.6.0",FALSE,"71a7e27c-26f5-47ae-9483-3ee4bf57a299","https://r-studio-connect.spotcap.com/content/d5d8274a-2c58-4653-a6b5-185c46ddcf34/","https://r-studio-connect.spotcap.com/connect/#/apps/d5d8274a-2c58-4653-a6b5-185c46ddcf34","owner","196",3600,3600,60,120,3,1,50,0.2,NA,"production"
"59","4dec6344-9b44-4f15-b628-cc7eec603e9e","spotcap_bank_account_transaction_performace","Spotcap Bank Account Transaction Performace","","acl","2021-08-20T12:05:37Z","2021-08-20T12:05:41Z","924","api","api",FALSE,"3.6.0",FALSE,"5ec54260-5021-4df5-a60c-c33826b52c93","https://r-studio-connect.spotcap.com/content/4dec6344-9b44-4f15-b628-cc7eec603e9e/","https://r-studio-connect.spotcap.com/connect/#/apps/4dec6344-9b44-4f15-b628-cc7eec603e9e","owner","221",NA,NA,NA,NA,NA,NA,NA,NA,NA,"production"
"60","9c35136b-6ed8-45aa-8adb-b546dcaae0fd","covid_bank_account_stats_test","Covid Bank Account Stats (TEST)","","acl","2021-08-20T09:25:13Z","2021-08-20T09:50:51Z","923","api","api",FALSE,"3.6.0",FALSE,"5ec54260-5021-4df5-a60c-c33826b52c93","https://r-studio-connect.spotcap.com/content/9c35136b-6ed8-45aa-8adb-b546dcaae0fd/","https://r-studio-connect.spotcap.com/connect/#/apps/9c35136b-6ed8-45aa-8adb-b546dcaae0fd","owner","220",3600,3600,60,120,3,1,50,0.2,NA,"production"
"61","6efd7958-e2bb-4bfb-85c4-b9128d803eea","spotcap_standard_performance_test","Spotcap Standard Performance (TEST)","","acl","2021-08-11T11:18:49Z","2021-08-11T11:18:53Z","915","api","api",FALSE,"3.6.0",FALSE,"5ec54260-5021-4df5-a60c-c33826b52c93","https://r-studio-connect.spotcap.com/content/6efd7958-e2bb-4bfb-85c4-b9128d803eea/","https://r-studio-connect.spotcap.com/connect/#/apps/6efd7958-e2bb-4bfb-85c4-b9128d803eea","owner","218",NA,NA,NA,NA,NA,NA,NA,NA,NA,"production"
"62","4a3b12e3-a686-460d-a0d2-6036f19ff54d","spotcap_edb_stats_test","Spotcap EDB Stats (TEST)","","acl","2021-08-11T10:56:03Z","2021-08-11T10:56:07Z","914","api","api",FALSE,"3.6.0",FALSE,"5ec54260-5021-4df5-a60c-c33826b52c93","https://r-studio-connect.spotcap.com/content/4a3b12e3-a686-460d-a0d2-6036f19ff54d/","https://r-studio-connect.spotcap.com/connect/#/apps/4a3b12e3-a686-460d-a0d2-6036f19ff54d","owner","217",NA,NA,NA,NA,NA,NA,NA,NA,NA,"production"
"63","a179b9e8-535e-4db9-b85f-d78d3badcffe","spotcap_light_performance_test","Spotcap Light Performance (TEST)","","acl","2021-08-11T10:26:21Z","2021-08-11T10:26:24Z","913","api","api",FALSE,"3.6.0",FALSE,"5ec54260-5021-4df5-a60c-c33826b52c93","https://r-studio-connect.spotcap.com/content/a179b9e8-535e-4db9-b85f-d78d3badcffe/","https://r-studio-connect.spotcap.com/connect/#/apps/a179b9e8-535e-4db9-b85f-d78d3badcffe","owner","216",NA,NA,NA,NA,NA,NA,NA,NA,NA,"production"
"64","f99c29c8-000f-4683-a062-7df7bd26e96b","spotcap_bank_account_transaction_performace_test3","Spotcap Bank Account Transaction Performace (TEST)","","acl","2021-08-10T13:56:57Z","2021-08-10T13:57:00Z","912","api","api",FALSE,"3.6.0",FALSE,"5ec54260-5021-4df5-a60c-c33826b52c93","https://r-studio-connect.spotcap.com/content/f99c29c8-000f-4683-a062-7df7bd26e96b/","https://r-studio-connect.spotcap.com/connect/#/apps/f99c29c8-000f-4683-a062-7df7bd26e96b","owner","214",NA,NA,NA,NA,NA,NA,NA,NA,NA,"production"
"65","f601138c-9584-4a0e-a413-ab6660fc2d89","1_transaction_categorization_-_baseline_model","1. Transaction Categorization - Baseline Model","","acl","2021-08-10T12:48:12Z","2021-08-10T13:11:50Z","909","jupyter-static","",FALSE,NA,FALSE,"5ec54260-5021-4df5-a60c-c33826b52c93","https://r-studio-connect.spotcap.com/content/f601138c-9584-4a0e-a413-ab6660fc2d89/","https://r-studio-connect.spotcap.com/connect/#/apps/f601138c-9584-4a0e-a413-ab6660fc2d89","owner","211",NA,NA,NA,NA,NA,NA,NA,NA,"3.8.10","production"
"66","7008d0b3-ecea-487e-b78f-bee611864001","180_days_transaction_model_documentation","180 Days Transaction Model Documentation","","acl","2021-04-22T11:09:50Z","2021-06-10T09:48:51Z","906","static","",FALSE,NA,FALSE,"5ec54260-5021-4df5-a60c-c33826b52c93","https://r-studio-connect.spotcap.com/content/7008d0b3-ecea-487e-b78f-bee611864001/","https://r-studio-connect.spotcap.com/connect/#/apps/7008d0b3-ecea-487e-b78f-bee611864001","owner","209",NA,NA,NA,NA,NA,NA,NA,NA,NA,"production"
"67","df7a54cb-226c-4837-81d0-b69adb1f7a9f","180daysinflowmodel_documentation","180DaysInflowModel_Documentation","","acl","2021-05-20T11:34:01Z","2021-05-20T11:34:02Z","905","static","",FALSE,NA,FALSE,"5ec54260-5021-4df5-a60c-c33826b52c93","https://r-studio-connect.spotcap.com/content/df7a54cb-226c-4837-81d0-b69adb1f7a9f/","https://r-studio-connect.spotcap.com/connect/#/apps/df7a54cb-226c-4837-81d0-b69adb1f7a9f","owner","210",NA,NA,NA,NA,NA,NA,NA,NA,NA,"production"
"68","29906e71-9ab1-425f-a95f-d976bc53a338","90_days_transaction_model_documentation","90 Days Transaction Model Documentation","","acl","2021-03-11T16:29:00Z","2021-03-11T16:29:02Z","900","static","",FALSE,NA,FALSE,"5ec54260-5021-4df5-a60c-c33826b52c93","https://r-studio-connect.spotcap.com/content/29906e71-9ab1-425f-a95f-d976bc53a338/","https://r-studio-connect.spotcap.com/connect/#/apps/29906e71-9ab1-425f-a95f-d976bc53a338","owner","208",NA,NA,NA,NA,NA,NA,NA,NA,NA,"production"
"69","a98241ac-aa84-4abb-8a9d-8862bfdbd325","bank_account_stats2","Bank Account Stats","","acl","2020-10-13T09:32:34Z","2020-12-10T16:48:30Z","899","api","api",FALSE,"3.6.0",FALSE,"5ec54260-5021-4df5-a60c-c33826b52c93","https://r-studio-connect.spotcap.com/content/a98241ac-aa84-4abb-8a9d-8862bfdbd325/","https://r-studio-connect.spotcap.com/connect/#/apps/a98241ac-aa84-4abb-8a9d-8862bfdbd325","owner","205",NA,NA,NA,NA,NA,NA,NA,NA,NA,"production"
"70","de5441dc-c735-4271-ba13-123d14c6417d","spotcap_cluster_description_stats2","Spotcap Cluster Description Stats","","acl","2020-10-26T10:24:39Z","2020-12-10T08:09:40Z","896","api","api",FALSE,"3.6.0",FALSE,"71a7e27c-26f5-47ae-9483-3ee4bf57a299","https://r-studio-connect.spotcap.com/content/de5441dc-c735-4271-ba13-123d14c6417d/","https://r-studio-connect.spotcap.com/connect/#/apps/de5441dc-c735-4271-ba13-123d14c6417d","owner","206",NA,NA,NA,NA,NA,NA,NA,NA,NA,"production"
"71","02336370-ec97-405d-b1d5-708fca9b34f1","ba_covid_stats2","BA COVID stats","","acl","2020-07-01T13:41:17Z","2020-08-06T09:00:57Z","875","api","api",FALSE,"3.6.0",FALSE,"5ec54260-5021-4df5-a60c-c33826b52c93","https://r-studio-connect.spotcap.com/content/02336370-ec97-405d-b1d5-708fca9b34f1/","https://r-studio-connect.spotcap.com/connect/#/apps/02336370-ec97-405d-b1d5-708fca9b34f1","owner","204",NA,NA,NA,NA,NA,NA,NA,NA,NA,"production"
"72","f80e1a06-f696-48fc-a48c-b747762fa0e8","bank_account_edb_eda_windowed2","Bank Account EDB EDA windowed","","acl","2020-06-29T15:28:54Z","2020-06-29T15:28:59Z","870","static","",FALSE,NA,FALSE,"71a7e27c-26f5-47ae-9483-3ee4bf57a299","https://r-studio-connect.spotcap.com/content/f80e1a06-f696-48fc-a48c-b747762fa0e8/","https://r-studio-connect.spotcap.com/connect/#/apps/f80e1a06-f696-48fc-a48c-b747762fa0e8","owner","203",NA,NA,NA,NA,NA,NA,NA,NA,NA,"production"
"73","fc84eb9e-9b98-4eca-a575-e3c0988e25b0","spotcap_edb_stats2","Spotcap EDB Stats","","acl","2019-07-22T13:57:26Z","2020-06-24T10:20:30Z","867","api","api",FALSE,"3.6.0",FALSE,"4e5f75c7-8ca5-485e-9c59-1047d1d3dee4","https://r-studio-connect.spotcap.com/content/fc84eb9e-9b98-4eca-a575-e3c0988e25b0/","https://r-studio-connect.spotcap.com/connect/#/apps/fc84eb9e-9b98-4eca-a575-e3c0988e25b0","owner","179",3600,3600,60,5,2,1,5,0.3,NA,"production"
"74","21575b6d-48ed-4f2e-95f5-622913c9c3f6","bank_account_model_documentation","Bank account model documentation","","acl","2020-06-16T14:44:22Z","2020-06-17T06:30:46Z","863","rmd-static","",FALSE,"3.6.0",FALSE,"71a7e27c-26f5-47ae-9483-3ee4bf57a299","https://r-studio-connect.spotcap.com/content/21575b6d-48ed-4f2e-95f5-622913c9c3f6/","https://r-studio-connect.spotcap.com/connect/#/apps/21575b6d-48ed-4f2e-95f5-622913c9c3f6","owner","199",NA,NA,NA,NA,NA,NA,NA,NA,NA,"production"
"75","126d45b5-5e26-481b-b768-46857458a440","bawag_light_performance_rsc2","Bawag Light Performance RSC","","acl","2020-05-19T09:25:13Z","2020-05-19T09:34:23Z","859","api","api",FALSE,"3.6.0",FALSE,"71a7e27c-26f5-47ae-9483-3ee4bf57a299","https://r-studio-connect.spotcap.com/content/126d45b5-5e26-481b-b768-46857458a440/","https://r-studio-connect.spotcap.com/connect/#/apps/126d45b5-5e26-481b-b768-46857458a440","owner","198",NA,NA,NA,NA,NA,NA,NA,NA,NA,"production"
"76","0f5726cc-d4a0-4178-af95-b31d02146f6f","test_api2","Test API","","acl","2020-05-05T13:09:23Z","2020-05-05T13:09:28Z","858","api","api",FALSE,"3.6.0",FALSE,"5ec54260-5021-4df5-a60c-c33826b52c93","https://r-studio-connect.spotcap.com/content/0f5726cc-d4a0-4178-af95-b31d02146f6f/","https://r-studio-connect.spotcap.com/connect/#/apps/0f5726cc-d4a0-4178-af95-b31d02146f6f","owner","197",NA,NA,NA,NA,NA,NA,NA,NA,NA,"production"
"77","273a4835-f88f-4da1-82f9-fdd8b70033e2","model_monitoring_-_bawag","Model Monitoring - Bawag","","acl","2019-03-06T11:36:25Z","2020-04-03T16:19:25Z","857","rmd-static","",FALSE,"3.6.0",FALSE,"4e5f75c7-8ca5-485e-9c59-1047d1d3dee4","https://r-studio-connect.spotcap.com/content/273a4835-f88f-4da1-82f9-fdd8b70033e2/","https://r-studio-connect.spotcap.com/connect/#/apps/273a4835-f88f-4da1-82f9-fdd8b70033e2","owner","135",NA,NA,NA,NA,NA,NA,NA,NA,NA,"production"
"78","6e71524a-98f6-48d9-a8dd-3521caf7c6e6","spotcap_light_performance_redeployed_20190715","Spotcap Light Performance","","acl","2019-07-15T10:31:52Z","2020-02-03T14:19:34Z","855","api","api",FALSE,"3.6.0",FALSE,"4e5f75c7-8ca5-485e-9c59-1047d1d3dee4","https://r-studio-connect.spotcap.com/content/6e71524a-98f6-48d9-a8dd-3521caf7c6e6/","https://r-studio-connect.spotcap.com/connect/#/apps/6e71524a-98f6-48d9-a8dd-3521caf7c6e6","owner","177",3600,3600,60,5,2,0,5,0.3,NA,"production"
"79","c0e6eefc-ac77-489b-8704-49be323db33e","cembra_zek_prediction2","CEMBRA ZEK Prediction","","acl","2019-09-12T15:23:12Z","2019-11-25T13:14:58Z","851","api","api",FALSE,"3.6.0",FALSE,"24c836d6-a199-4682-843b-bf70821528cb","https://r-studio-connect.spotcap.com/content/c0e6eefc-ac77-489b-8704-49be323db33e/","https://r-studio-connect.spotcap.com/connect/#/apps/c0e6eefc-ac77-489b-8704-49be323db33e","owner","195",NA,NA,NA,NA,NA,NA,NA,NA,NA,"production"
"80","f28a8f00-0c95-4997-874e-26c294c6e330","bawag_edb_stats2","Bawag EDB Stats","","acl","2019-09-06T12:47:36Z","2019-09-06T12:47:50Z","848","api","api",FALSE,"3.6.0",FALSE,"24c836d6-a199-4682-843b-bf70821528cb","https://r-studio-connect.spotcap.com/content/f28a8f00-0c95-4997-874e-26c294c6e330/","https://r-studio-connect.spotcap.com/connect/#/apps/f28a8f00-0c95-4997-874e-26c294c6e330","owner","194",NA,NA,NA,NA,NA,NA,NA,NA,NA,"production"
"81","8cc4c849-c649-490c-8369-5334fa95307d","optimum2","Optimum","","acl","2019-04-02T10:47:04Z","2019-09-05T10:12:45Z","847","shiny","",FALSE,"3.6.0",FALSE,"4e5f75c7-8ca5-485e-9c59-1047d1d3dee4","https://r-studio-connect.spotcap.com/content/8cc4c849-c649-490c-8369-5334fa95307d/","https://r-studio-connect.spotcap.com/connect/#/apps/8cc4c849-c649-490c-8369-5334fa95307d","owner","152",3600,3600,60,5,2,1,5,0.3,NA,"production"
"82","68afae1e-de58-4caa-84e1-09ad6e9de2d7","applicationlight_bankaccount_eda2","Light Application BA EDA","","acl","2019-07-03T09:29:56Z","2019-08-14T15:21:40Z","843","static","",FALSE,NA,FALSE,"24c836d6-a199-4682-843b-bf70821528cb","https://r-studio-connect.spotcap.com/content/68afae1e-de58-4caa-84e1-09ad6e9de2d7/","https://r-studio-connect.spotcap.com/connect/#/apps/68afae1e-de58-4caa-84e1-09ad6e9de2d7","owner","174",NA,NA,NA,NA,NA,NA,NA,NA,NA,"production"
"83","344a064e-61ed-4465-b205-e8487b0d5299","spotcap_standard_performance","Spotcap Standard Performance","","acl","2019-07-25T13:26:09Z","2019-08-13T14:05:20Z","841","api","api",FALSE,"3.6.0",FALSE,"24c836d6-a199-4682-843b-bf70821528cb","https://r-studio-connect.spotcap.com/content/344a064e-61ed-4465-b205-e8487b0d5299/","https://r-studio-connect.spotcap.com/connect/#/apps/344a064e-61ed-4465-b205-e8487b0d5299","owner","180",3600,3600,60,5,2,1,5,0.3,NA,"production"
"84","6e3107c2-079c-461d-b785-f1e22ff85732","spotcap_transactions_categorization2","Spotcap Transactions Categorization","","acl","2019-08-09T15:04:54Z","2019-08-12T07:28:19Z","835","api","api",FALSE,"3.6.0",FALSE,"71a7e27c-26f5-47ae-9483-3ee4bf57a299","https://r-studio-connect.spotcap.com/content/6e3107c2-079c-461d-b785-f1e22ff85732/","https://r-studio-connect.spotcap.com/connect/#/apps/6e3107c2-079c-461d-b785-f1e22ff85732","owner","193",NA,NA,NA,NA,NA,NA,NA,NA,"3.6.8","production"
"85","7ef98c0c-d5b6-49bb-9a77-4a425a459db1","spotcap_transactions_categorization","Spotcap Transactions Categorization","","acl","2019-07-31T09:04:20Z","2019-08-09T14:33:49Z",NA,"unknown","",FALSE,NA,FALSE,"71a7e27c-26f5-47ae-9483-3ee4bf57a299","https://r-studio-connect.spotcap.com/content/7ef98c0c-d5b6-49bb-9a77-4a425a459db1/","https://r-studio-connect.spotcap.com/connect/#/apps/7ef98c0c-d5b6-49bb-9a77-4a425a459db1","owner","189",NA,NA,NA,NA,NA,NA,NA,NA,NA,"production"
"86","fef133fe-8c76-4048-8021-333b4d94b213","applicationlight_-_eda_performance","Light Application EDA - Performance","","acl","2019-03-22T08:50:17Z","2019-08-09T13:04:21Z","830","rmd-static","",FALSE,NA,FALSE,"71a7e27c-26f5-47ae-9483-3ee4bf57a299","https://r-studio-connect.spotcap.com/content/fef133fe-8c76-4048-8021-333b4d94b213/","https://r-studio-connect.spotcap.com/connect/#/apps/fef133fe-8c76-4048-8021-333b4d94b213","owner","146",NA,NA,NA,NA,NA,NA,NA,NA,"3.6.8","production"
"87","fc3ad38c-d5a2-45b9-9049-75e63895b478","models_overview2","Models Overview","","acl","2019-05-27T12:58:04Z","2019-08-09T11:23:09Z","827","static","",FALSE,NA,FALSE,"4e5f75c7-8ca5-485e-9c59-1047d1d3dee4","https://r-studio-connect.spotcap.com/content/fc3ad38c-d5a2-45b9-9049-75e63895b478/","https://r-studio-connect.spotcap.com/connect/#/apps/fc3ad38c-d5a2-45b9-9049-75e63895b478","owner","170",NA,NA,NA,NA,NA,NA,NA,NA,NA,"production"
"88","5544a48b-58d1-4744-9ae3-bb3a7518a977","extdata","extdata","","acl","2019-07-31T13:53:52Z","2019-07-31T13:53:52Z",NA,"unknown","",FALSE,NA,FALSE,"71a7e27c-26f5-47ae-9483-3ee4bf57a299","https://r-studio-connect.spotcap.com/content/5544a48b-58d1-4744-9ae3-bb3a7518a977/","https://r-studio-connect.spotcap.com/connect/#/apps/5544a48b-58d1-4744-9ae3-bb3a7518a977","owner","191",NA,NA,NA,NA,NA,NA,NA,NA,NA,"production"
"89","f2c6511c-2200-4c74-abd7-7693f4ba21d0","spotcap_transactions_categorization_stats2","Spotcap Transactions Categorization Stats","","acl","2019-07-31T10:18:20Z","2019-07-31T10:18:27Z","813","api","api",FALSE,"3.6.0",FALSE,"71a7e27c-26f5-47ae-9483-3ee4bf57a299","https://r-studio-connect.spotcap.com/content/f2c6511c-2200-4c74-abd7-7693f4ba21d0/","https://r-studio-connect.spotcap.com/connect/#/apps/f2c6511c-2200-4c74-abd7-7693f4ba21d0","owner","190",NA,NA,NA,NA,NA,NA,NA,NA,NA,"production"
"90","5bd5784f-6ce9-4ba5-b67d-1d2cff916f0f","postmortemsummarynew",NA,"","acl","2019-07-29T15:01:30Z","2019-07-29T15:01:30Z",NA,"unknown","",FALSE,NA,FALSE,"71a7e27c-26f5-47ae-9483-3ee4bf57a299","https://r-studio-connect.spotcap.com/content/5bd5784f-6ce9-4ba5-b67d-1d2cff916f0f/","https://r-studio-connect.spotcap.com/connect/#/apps/5bd5784f-6ce9-4ba5-b67d-1d2cff916f0f","owner","188",NA,NA,NA,NA,NA,NA,NA,NA,NA,"production"
"91","30041084-b04a-499f-82c4-2b4d139e0b26","post_mortem_summary","Post Mortem Summary","","acl","2019-07-29T14:15:56Z","2019-07-29T14:21:49Z","810","rmd-static","",FALSE,"3.6.0",FALSE,"71a7e27c-26f5-47ae-9483-3ee4bf57a299","https://r-studio-connect.spotcap.com/content/30041084-b04a-499f-82c4-2b4d139e0b26/","https://r-studio-connect.spotcap.com/connect/#/apps/30041084-b04a-499f-82c4-2b4d139e0b26","owner","185",NA,NA,NA,NA,NA,NA,NA,NA,NA,"production"
"92","613e6743-a5b3-484c-8ee3-e86a28628c25","spotcap_transactions_clustering2","Spotcap Transactions Clustering","","acl","2019-07-29T09:14:59Z","2019-07-29T09:15:06Z","805","api","api",FALSE,"3.6.0",FALSE,"24c836d6-a199-4682-843b-bf70821528cb","https://r-studio-connect.spotcap.com/content/613e6743-a5b3-484c-8ee3-e86a28628c25/","https://r-studio-connect.spotcap.com/connect/#/apps/613e6743-a5b3-484c-8ee3-e86a28628c25","owner","182",3600,3600,60,5,3,1,5,0.3,NA,"production"
"93","bb239d08-d04c-4a2b-8dbc-3fb88aa9d9cf","etl_-_ba_edb_calls","ETL - Ba Edb Calls","","acl","2019-07-26T11:59:17Z","2019-07-26T11:59:17Z",NA,"unknown","",FALSE,NA,FALSE,"4e5f75c7-8ca5-485e-9c59-1047d1d3dee4","https://r-studio-connect.spotcap.com/content/bb239d08-d04c-4a2b-8dbc-3fb88aa9d9cf/","https://r-studio-connect.spotcap.com/connect/#/apps/bb239d08-d04c-4a2b-8dbc-3fb88aa9d9cf","owner","181",NA,NA,NA,NA,NA,NA,NA,NA,NA,"production"
"94","88335d06-7e89-4b8c-a1d6-69beb0d71539","bawag_light_performance2","Bawag Light Performance","","acl","2019-07-17T13:25:55Z","2019-07-22T16:01:59Z","802","api","api",FALSE,"3.6.0",FALSE,"4e5f75c7-8ca5-485e-9c59-1047d1d3dee4","https://r-studio-connect.spotcap.com/content/88335d06-7e89-4b8c-a1d6-69beb0d71539/","https://r-studio-connect.spotcap.com/connect/#/apps/88335d06-7e89-4b8c-a1d6-69beb0d71539","owner","178",3600,3600,60,5,2,0,5,0.3,"3.6.8","production"
"95","976a0c57-84a5-4962-8f7c-f40958adc480","spotcap_light_expert_scorecard_wrapper_redeployed","Spotcap Light Expert Scorecard Wrapper","","acl","2019-07-04T10:27:15Z","2019-07-22T13:29:25Z","799","api","api",FALSE,"3.6.0",FALSE,"4e5f75c7-8ca5-485e-9c59-1047d1d3dee4","https://r-studio-connect.spotcap.com/content/976a0c57-84a5-4962-8f7c-f40958adc480/","https://r-studio-connect.spotcap.com/connect/#/apps/976a0c57-84a5-4962-8f7c-f40958adc480","owner","176",3600,3600,60,5,2,0,5,0.3,"3.6.8","production"
"96","a75dd4e9-277b-4ede-8744-dc6ba1cc72ce","applicationstandard_bankaccount_eda3","Standard Application BA EDA","","acl","2019-07-03T09:32:14Z","2019-07-03T09:32:24Z","759","static","",FALSE,NA,FALSE,"24c836d6-a199-4682-843b-bf70821528cb","https://r-studio-connect.spotcap.com/content/a75dd4e9-277b-4ede-8744-dc6ba1cc72ce/","https://r-studio-connect.spotcap.com/connect/#/apps/a75dd4e9-277b-4ede-8744-dc6ba1cc72ce","owner","175",NA,NA,NA,NA,NA,NA,NA,NA,NA,"production"
"97","d718434c-b5a7-4c7e-8564-53fb9d63ddff","postmortemsummary2","Post Mortem Summary","","acl","2019-03-06T11:53:23Z","2019-06-17T08:57:58Z","747","static","",FALSE,NA,FALSE,"71a7e27c-26f5-47ae-9483-3ee4bf57a299","https://r-studio-connect.spotcap.com/content/d718434c-b5a7-4c7e-8564-53fb9d63ddff/","https://r-studio-connect.spotcap.com/connect/#/apps/d718434c-b5a7-4c7e-8564-53fb9d63ddff","owner","139",NA,NA,NA,NA,NA,NA,NA,NA,NA,"production"
"98","51ba80f6-8a3e-4d26-acac-5e44ad4ef7e5","bank_account_edb_eda","Bank Account EDB EDA","","acl","2019-06-07T08:05:57Z","2019-06-11T13:30:09Z","742","rmd-static","",FALSE,"3.6.0",FALSE,"4e5f75c7-8ca5-485e-9c59-1047d1d3dee4","https://r-studio-connect.spotcap.com/content/51ba80f6-8a3e-4d26-acac-5e44ad4ef7e5/","https://r-studio-connect.spotcap.com/connect/#/apps/51ba80f6-8a3e-4d26-acac-5e44ad4ef7e5","owner","172",NA,NA,NA,NA,NA,NA,NA,NA,"3.6.8","production"
"99","1ea4fd03-c51a-41c0-9159-9de94a5733cc","alternativeclcalculationbawag","AlternativeCLCalculationBawag","","acl","2019-06-06T09:14:13Z","2019-06-06T09:14:16Z","740","static","",FALSE,NA,FALSE,"71a7e27c-26f5-47ae-9483-3ee4bf57a299","https://r-studio-connect.spotcap.com/content/1ea4fd03-c51a-41c0-9159-9de94a5733cc/","https://r-studio-connect.spotcap.com/connect/#/apps/1ea4fd03-c51a-41c0-9159-9de94a5733cc","owner","171",NA,NA,NA,NA,NA,NA,NA,NA,NA,"production"
"100","60c2c7f6-a668-4ee4-95cc-b43db3c7dff7","applicationstandard_-_eda_performance","Standard Application EDA - Performance","","acl","2019-03-22T10:19:53Z","2019-06-03T09:31:56Z","738","rmd-static","",FALSE,"3.6.0",FALSE,"71a7e27c-26f5-47ae-9483-3ee4bf57a299","https://r-studio-connect.spotcap.com/content/60c2c7f6-a668-4ee4-95cc-b43db3c7dff7/","https://r-studio-connect.spotcap.com/connect/#/apps/60c2c7f6-a668-4ee4-95cc-b43db3c7dff7","owner","148",NA,NA,NA,NA,NA,NA,NA,NA,NA,"production"
"101","c4792c9f-e864-4774-9ed8-55674f501d06","spotcap_transactions_categorization","Spotcap Transactions Categorization","","acl","2019-05-06T12:58:27Z","2019-05-10T09:49:58Z","693","api","api",FALSE,"3.6.0",FALSE,"4e5f75c7-8ca5-485e-9c59-1047d1d3dee4","https://r-studio-connect.spotcap.com/content/c4792c9f-e864-4774-9ed8-55674f501d06/","https://r-studio-connect.spotcap.com/connect/#/apps/c4792c9f-e864-4774-9ed8-55674f501d06","owner","164",3600,3600,60,5,3,1,5,0.3,"3.6.8","production"
"102","f8f2e8a3-4f41-4817-8206-717c0eb2f189","alternative_cl_calculation","Alternative CL Calculation","","acl","2019-04-18T08:56:36Z","2019-05-10T08:09:07Z","689","static","",FALSE,NA,FALSE,"71a7e27c-26f5-47ae-9483-3ee4bf57a299","https://r-studio-connect.spotcap.com/content/f8f2e8a3-4f41-4817-8206-717c0eb2f189/","https://r-studio-connect.spotcap.com/connect/#/apps/f8f2e8a3-4f41-4817-8206-717c0eb2f189","owner","159",NA,NA,NA,NA,NA,NA,NA,NA,NA,"production"
"103","120830ee-255d-4706-a56a-65268816358e","spotcap_intercompany_transactions","Spotcap Intercompany Transactions","","acl","2019-04-15T07:52:02Z","2019-05-03T08:13:31Z","675","api","api",FALSE,"3.5.2",FALSE,"4e5f75c7-8ca5-485e-9c59-1047d1d3dee4","https://r-studio-connect.spotcap.com/content/120830ee-255d-4706-a56a-65268816358e/","https://r-studio-connect.spotcap.com/connect/#/apps/120830ee-255d-4706-a56a-65268816358e","owner","156",NA,NA,NA,NA,NA,NA,NA,NA,NA,"production"
"104","117917e8-af47-494b-a1c4-51a8696c2ccc","model_monitoring_-_standard_application_model","Model Monitoring - Standard Application Model","","acl","2019-03-06T11:44:08Z","2019-04-26T12:30:04Z","669","static","",FALSE,NA,FALSE,"4e5f75c7-8ca5-485e-9c59-1047d1d3dee4","https://r-studio-connect.spotcap.com/content/117917e8-af47-494b-a1c4-51a8696c2ccc/","https://r-studio-connect.spotcap.com/connect/#/apps/117917e8-af47-494b-a1c4-51a8696c2ccc","owner","138",NA,NA,NA,NA,NA,NA,NA,NA,NA,"production"
"105","c8597b93-1a14-4e58-9ee9-789716a2b72b","transactionscategorizationmodel_nl_20180205","Spotcap Transactions Categorization NL","","acl","2019-04-15T07:38:23Z","2019-04-15T07:38:34Z","637","tensorflow-saved-model","",FALSE,NA,FALSE,"4e5f75c7-8ca5-485e-9c59-1047d1d3dee4","https://r-studio-connect.spotcap.com/content/c8597b93-1a14-4e58-9ee9-789716a2b72b/","https://r-studio-connect.spotcap.com/connect/#/apps/c8597b93-1a14-4e58-9ee9-789716a2b72b","owner","155",3600,3600,60,5,2,0,5,0.1,NA,"production"
"106","e6aa763e-633e-4f23-bb94-90ccd9f6b324","Spotcap_Transactions_Categorization_AU","Spotcap Transactions Categorization AU","","acl","2019-04-15T07:34:58Z","2019-04-15T07:35:08Z","636","tensorflow-saved-model","",FALSE,NA,FALSE,"4e5f75c7-8ca5-485e-9c59-1047d1d3dee4","https://r-studio-connect.spotcap.com/content/e6aa763e-633e-4f23-bb94-90ccd9f6b324/","https://r-studio-connect.spotcap.com/connect/#/apps/e6aa763e-633e-4f23-bb94-90ccd9f6b324","owner","154",3600,3600,60,5,2,0,5,0.1,NA,"production"
"107","e68d6618-b8e4-479b-b043-0efc0150b598","specification_report_-_standard_application_model","Specification Report - Standard Application Model","","acl","2019-03-06T11:33:21Z","2019-04-04T10:05:51Z","629","static","",FALSE,NA,FALSE,"4e5f75c7-8ca5-485e-9c59-1047d1d3dee4","https://r-studio-connect.spotcap.com/content/e68d6618-b8e4-479b-b043-0efc0150b598/","https://r-studio-connect.spotcap.com/connect/#/apps/e68d6618-b8e4-479b-b043-0efc0150b598","owner","133",NA,NA,NA,NA,NA,NA,NA,NA,NA,"production"
"108","fdbf13e2-cd7a-4992-a5e7-ddd1ef69356c","applicationlight_-_eda_decision","Light Application EDA - Decision","","acl","2019-03-22T09:59:27Z","2019-04-01T10:36:26Z","626","rmd-static","",FALSE,"3.5.2",FALSE,"71a7e27c-26f5-47ae-9483-3ee4bf57a299","https://r-studio-connect.spotcap.com/content/fdbf13e2-cd7a-4992-a5e7-ddd1ef69356c/","https://r-studio-connect.spotcap.com/connect/#/apps/fdbf13e2-cd7a-4992-a5e7-ddd1ef69356c","owner","147",NA,NA,NA,NA,NA,NA,NA,NA,NA,"production"
"109","c80aa9ea-bd62-4d28-9872-32b8499ff2b8","modelsmonitoring_lightapplicationmodel2","Model Monitoring - Light Application Model","","acl","2019-03-06T11:32:47Z","2019-03-29T09:39:07Z","624","static","",FALSE,NA,FALSE,"71a7e27c-26f5-47ae-9483-3ee4bf57a299","https://r-studio-connect.spotcap.com/content/c80aa9ea-bd62-4d28-9872-32b8499ff2b8/","https://r-studio-connect.spotcap.com/connect/#/apps/c80aa9ea-bd62-4d28-9872-32b8499ff2b8","owner","132",NA,NA,NA,NA,NA,NA,NA,NA,NA,"production"
"110","1191a439-0f7f-479e-9e4a-f098c294f1e6","modelsmonitoring_standardapplicationmodel","ModelsMonitoring_StandardApplicationModel","","acl","2019-03-29T09:00:32Z","2019-03-29T09:00:32Z",NA,"unknown","",FALSE,NA,FALSE,"71a7e27c-26f5-47ae-9483-3ee4bf57a299","https://r-studio-connect.spotcap.com/content/1191a439-0f7f-479e-9e4a-f098c294f1e6/","https://r-studio-connect.spotcap.com/connect/#/apps/1191a439-0f7f-479e-9e4a-f098c294f1e6","owner","151",NA,NA,NA,NA,NA,NA,NA,NA,NA,"production"
"111","6f386625-f352-466e-bc0f-a69290c5e57a","model_monitoring_-_standard_application_model","Model Monitoring - Standard Application Model","","acl","2019-03-29T09:00:10Z","2019-03-29T09:00:10Z",NA,"unknown","",FALSE,NA,FALSE,"71a7e27c-26f5-47ae-9483-3ee4bf57a299","https://r-studio-connect.spotcap.com/content/6f386625-f352-466e-bc0f-a69290c5e57a/","https://r-studio-connect.spotcap.com/connect/#/apps/6f386625-f352-466e-bc0f-a69290c5e57a","owner","150",NA,NA,NA,NA,NA,NA,NA,NA,NA,"production"
"112","be6d0136-c039-48bb-b74b-93876e8d166c","applicationstandard_-_eda_decision","Standard Application EDA - Decision","","acl","2019-03-22T11:14:47Z","2019-03-22T11:41:47Z","612","rmd-static","",FALSE,"3.5.2",FALSE,"71a7e27c-26f5-47ae-9483-3ee4bf57a299","https://r-studio-connect.spotcap.com/content/be6d0136-c039-48bb-b74b-93876e8d166c/","https://r-studio-connect.spotcap.com/connect/#/apps/be6d0136-c039-48bb-b74b-93876e8d166c","owner","149",NA,NA,NA,NA,NA,NA,NA,NA,NA,"production"
"113","8043a702-f0bf-4776-b76c-0b71521eb447","application_standard_eda_-_decision","Application Standard Eda - Decision","","acl","2019-03-18T11:21:48Z","2019-03-18T11:21:48Z",NA,"unknown","",FALSE,NA,FALSE,"71a7e27c-26f5-47ae-9483-3ee4bf57a299","https://r-studio-connect.spotcap.com/content/8043a702-f0bf-4776-b76c-0b71521eb447/","https://r-studio-connect.spotcap.com/connect/#/apps/8043a702-f0bf-4776-b76c-0b71521eb447","owner","145",NA,NA,NA,NA,NA,NA,NA,NA,NA,"production"
"114","2329184e-275c-4098-9731-6b1e9312cc99","03_intercompanytransaction","03 InterCompanyTransaction","","acl","2019-03-14T10:17:07Z","2019-03-14T10:17:07Z",NA,"unknown","",FALSE,NA,FALSE,"71a7e27c-26f5-47ae-9483-3ee4bf57a299","https://r-studio-connect.spotcap.com/content/2329184e-275c-4098-9731-6b1e9312cc99/","https://r-studio-connect.spotcap.com/connect/#/apps/2329184e-275c-4098-9731-6b1e9312cc99","owner","144",NA,NA,NA,NA,NA,NA,NA,NA,NA,"production"
"115","9d92e5f1-c582-4b8a-a5f6-130885d81a32","threatmetrics_dataevaluation","Threatmetrics","","acl","2019-03-06T14:33:44Z","2019-03-06T15:19:49Z","586","rmd-static","",FALSE,"3.5.2",FALSE,"24c836d6-a199-4682-843b-bf70821528cb","https://r-studio-connect.spotcap.com/content/9d92e5f1-c582-4b8a-a5f6-130885d81a32/","https://r-studio-connect.spotcap.com/connect/#/apps/9d92e5f1-c582-4b8a-a5f6-130885d81a32","owner","141",NA,NA,NA,NA,NA,NA,NA,NA,NA,"production"
"116","ef0bcd1f-0f7e-49a0-8ab0-4fb5cbf5643c","specification_report_-_light_application_model","Specification Report - Light Application Model","","acl","2019-03-06T11:30:29Z","2019-03-06T11:30:30Z","575","static","",FALSE,NA,FALSE,"4e5f75c7-8ca5-485e-9c59-1047d1d3dee4","https://r-studio-connect.spotcap.com/content/ef0bcd1f-0f7e-49a0-8ab0-4fb5cbf5643c/","https://r-studio-connect.spotcap.com/connect/#/apps/ef0bcd1f-0f7e-49a0-8ab0-4fb5cbf5643c","owner","130",NA,NA,NA,NA,NA,NA,NA,NA,NA,"production"
"117","214f97b4-cd05-4606-9c7d-08a269ca0e70","bank_account_graph_insights","Bank Account Graph Insights","","acl","2019-03-06T11:26:59Z","2019-03-06T11:27:02Z","574","static","",FALSE,NA,FALSE,"4e5f75c7-8ca5-485e-9c59-1047d1d3dee4","https://r-studio-connect.spotcap.com/content/214f97b4-cd05-4606-9c7d-08a269ca0e70/","https://r-studio-connect.spotcap.com/connect/#/apps/214f97b4-cd05-4606-9c7d-08a269ca0e70","owner","129",NA,NA,NA,NA,NA,NA,NA,NA,NA,"production"
